State,Food Bank 1,Address 1,Food Bank 2,Address 2,Food Bank 3,Address 3
Alabama,Community Food Bank of Central Alabama,"107 Walter Davis Dr, Birmingham, AL 35209, United States",Food Bank of North Alabama,"2000 Vernon Ave SW, Huntsville, AL 35805, United States",Food Bank of East Alabama,"355 Industry Dr, Auburn, AL 36832, United States"
Alaska,Food Bank of Alaska,"2192 Viking Dr, Anchorage, AK 99501, United States",Lutheran Social Services of Alaska- Food Pantry,"1303 W 33rd Ave, Anchorage, AK 99503, United States",Southeast Alaska Food Bank,"10020 Crazy Horse Dr, Juneau, AK 99801, United States"
Arizona,St. Mary's Food Bank - Administration & Warehouse,"2831 N 31st Ave, Phoenix, AZ 85009, United States",Desert Mission Food Bank,"9229 N 4th St, Phoenix, AZ 85020, United States",St. Mary's Food Bank - Phoenix Food Distribution,"3131 W Thomas Rd, Phoenix, AZ 85017, United States"
Arkansas,Arkansas Foodbank,"4301 W 65th St, Little Rock, AR 72209, United States",Northwest Arkansas Food Bank,"1378 June Self Dr, Springdale, AR 72764, United States",Food Bank of Northeast Arkansas,"3414 One Pl, Jonesboro, AR 72404, United States"
California,Central California Food Bank,"4010 E Amendola Dr, Fresno, CA 93725, United States",Los Angeles Regional Food Bank,"1734 E 41st St, Los Angeles, CA 90058, United States",Foodbank of Southern California,"1444 San Francisco Ave, Long Beach, CA 90813, United States"
Colorado,Food Bank of the Rockies,"10700 E 45th Ave, Denver, CO 80239, United States",Food Bank of the Rockies - NO DONATIONS AT THIS LOCATION,"3900 Nome St t Warehouse, Denver, CO 80239, United States",Thornton Community Food Bank,"8990 York St, Denver, CO 80229, United States"
Connecticut,Connecticut Foodshare,"2 Research Pkwy, Wallingford, CT 06492, United States","Plainville Community Food Pantry, Inc.","54 S Canal St, Plainville, CT 06062, United States",Connecticut Food Bank,"56 Eagle St, Waterbury, CT 06708, United States"
Delaware,Food Bank of Delaware Inc,"222 Lake Dr, Newark, DE 19702, United States",Food Bank of Delaware,"1040 Mattlind Wy, Milford, DE 19963, United States",DeLaWarr State Service Center - Food Closet-Food Pantry,"500 Rogers Rd, New Castle, DE 19720, United States"
Florida,Second Harvest Food Bank of Central Florida,"411 Mercy Dr, Orlando, FL 32805, United States",Feeding South Florida,"2501 SW 32nd Terrace, Pembroke Park, FL 33023, United States",Feeding Northeast Florida,"1116 Edgewood Ave N D/E, Jacksonville, FL 32254, United States"
Georgia,Atlanta Community Food Bank,"3400 N Desert Dr, East Point, GA 30344, United States",The Food Bank of Northeast Georgia,"861 Newton Bridge Rd, Athens, GA 30607, United States",Middle Georgia Community Food Bank,"4490 Ocmulgee E Blvd, Macon, GA 31217, United States"
Hawaii,Hawaii Foodbank Inc,"2611 Kilihau St, Honolulu, HI 96819, United States","The Food Basket Inc, Hawai'i Island's Food Bank","40 Holomua St, Hilo, HI 96720, United States",Hawaii Foodbank - Kauai Branch,"4241 Hanahao Pl A, Lihue, HI 96766, United States"
Idaho,The Idaho Foodbank,"3630 E Commercial Ct, Meridian, ID 83642, United States",Meridian Food Bank,"133 W Broadway Ave, Meridian, ID 83642, United States",Idaho Food Bank,"555 S 1st Ave, Pocatello, ID 83201, United States"
Illinois,Northern Illinois Food Bank,"273 Dearborn Court, Geneva, IL 60134, United States",Northern Illinois Food Bank - South Suburban Center,"171 S Larkin Ave, Joliet, IL 60436, United States",Northern Illinois Food Bank - North Suburban Center,"13950 W Business Center Dr, Lake Forest, IL 60045, United States"
Indiana,Midwest Food Bank -- Indiana Division,"6450 S Belmont Ave, Indianapolis, IN 46217, United States",Gleaners Food Bank of Indiana Office,"3737 Waldemere Ave Suite 200, Indianapolis, IN 46241, United States",Food Bank of Northwest Indiana,"6490 Broadway, Merrillville, IN 46410, United States"
Iowa,Food Bank of Iowa,"2220 E 17th St, Des Moines, IA 50316, United States",Foodbank of Iowa - What Cheer Mobile Pantry - Food Pantry,"308 S Barnes St, What Cheer, IA 50268, United States",Northeast Iowa Food Bank,"1605 Lafayette St, Waterloo, IA 50703, United States"
Kansas,Kansas Food Bank,"1919 E Douglas Ave, Wichita, KS 67211, United States",Giving Hope Food Pantry,"6640 State Ave, Kansas City, KS 66102, United States",Kansas Food Bank - Independence,"307 W Pecan St, Independence, KS 67301, United States"
Kentucky,God's Pantry Food Bank,"817 Winchester Rd, Lexington, KY 40505, United States",Saint Vincent de Paul - Northern KY - Food Distribution Center,"2655 Crescent Springs Road, Covington, KY 41017, United States",Northern Kentucky Foodbank,"10100 Toebben Dr, Independence, KY 41051, United States"
Louisiana,Food Bank-Northwest Louisiana,"285 Mt Zion Rd, Shreveport, LA 71106, United States",Food Bank of Northeast Louisiana,"4600 Central Ave, Monroe, LA 71203, United States",Food Bank of Central Louisiana,"3223 Baldwin Ave, Alexandria, LA 71301, United States"
Maine,Good Shepherd Food Bank,"3121 Hotel Rd, Auburn, ME 04210, United States",Bath Area Food Bank,"807 Middle St, Bath, ME 04530, United States",Augusta Food Bank,"161 Mt Vernon Ave, Augusta, ME 04330, United States"
Maryland,Maryland Food Bank,"2200 Halethorpe Farms Rd, Baltimore, MD 21227, United States",Southern Maryland Food Bank,"22 Irongate Dr, Waldorf, MD 20602, United States",Howard County Food Bank,"9385 Gerwig Ln J, Columbia, MD 21046, United States"
Massachusetts,People Helping People / Burlington Food Pantry,"21 Murray Ave, Burlington, MA 01803, United States",Lexington Food Pantry,"6 Meriam St, Lexington, MA 02420, United States",Bedford Food Pantry - Food Distribution Center,"12 Mudge Way, Bedford, MA 01730, United States"
Michigan,Gleaners Community Food Bank of Southeastern Michigan,"2131 Beaufait St, Detroit, MI 48207, United States",South Michigan Food Bank,"5451 Wayne Rd, Battle Creek, MI 49037, United States",Food Bank of Eastern Michigan,"2300 Lapeer Rd, Flint, MI 48503, United States"
Minnesota,Groveland Emergency Food Shelf,"1900 Nicollet Ave, Minneapolis, MN 55403, United States",CES Food Shelf,"1900 11th Ave S, Minneapolis, MN 55404, United States",Channel One Regional Food Bank and Food Shelf,"131 35th St SE, Rochester, MN 55904, United States"
Mississippi,Mississippi Food Network,"440 W Beatty St, Jackson, MS 39201, United States",Olive Branch Food Pantry,"10947 MS-178, Olive Branch, MS 38654, United States",Long Beach Community Food Pantry,"21081 Johnson Rd, Long Beach, MS 39560, United States"
Missouri,The Food Bank for Central & Northeast Missouri,"2101 Vandiver Dr, Columbia, MO 65202, United States",Southeast Missouri Food Bank,"600 State Highway H POX Box 190, Sikeston, MO 63801, United States",Arnold Food Pantry,"2024 Key West Dr, Arnold, MO 63010, United States"
Montana,Montana Food Bank Network,"5625 Expressway, Missoula, MT 59808, United States",Missoula Food Bank & Community Center,"1720 Wyoming St, Missoula, MT 59801, United States",Billings Food Bank,"2112 4th Ave N, Billings, MT 59101, United States"
Nebraska,Food Bank For The Heartland,"10525 J St, Omaha, NE 68127, United States",Food Bank of Lincoln Inc,"1221 Kingbird Rd, Lincoln, NE 68521, United States",Community Action - Mid Nebraska Food Bank,"114 E 11th St, Kearney, NE 68847, United States"
Nevada,Food Bank of Northern Nevada,"550 Italy Dr, Sparks, NV 89437, United States",St Vincent's Food Pantry,"500 E 4th St, Reno, NV 89512, United States",Vegas View Community Food Bank - Food Distribution Center,"1906 Glider St, North Las Vegas, NV 89030, United States"
New Hampshire,New Hampshire Food Bank,"700 E Industrial Park Dr, Manchester, NH 03109, United States",Northwood Emergency Food Pantry,"844 1st New Hampshire Turnpike, Northwood, NH 03261, United States",Kingston Food Pantry,"163 Main St, Kingston, NH 03848, United States"
New Jersey,Community FoodBank of New Jersey,"6735 Black Horse Pike, Egg Harbor Township, NJ 08234, United States",Community FoodBank of New Jersey,"31 Evans Terminal Rd #1, Hillside, NJ 07205, United States",Food Bank of South Jersey,"1501 John Tipton Blvd, Pennsauken Township, NJ 08110, United States"
New Mexico,The Food Bank of Eastern New Mexico,"2217 E Brady Ave, Clovis, NM 88101, United States",Roadrunner Food Bank,"5840 Office Blvd NE, Albuquerque, NM 87109, United States",The Storehouse New Mexico,"106 Broadway Blvd SE, Albuquerque, NM 87102, United States"
New York,Food Bank For New York City,"355 Food Center Dr, Bronx, NY 10474, United States",Food Bank For New York City - Community Kitchen & Food Pantry,"252 W 116th St, New York, NY 10026, United States",New York Common Pantry,"8 E 109th St, New York, NY 10029, United States"
North Carolina,Food Bank of Central & Eastern North Carolina,"1924 Capital Blvd, Raleigh, NC 27604, United States",Second Harvest Food Bank of Southeast North Carolina (SHFB),"406 Deep Creek Rd, Fayetteville, NC 28312, United States",Second Harvest Food Bank of Northwest North Carolina,"3330 Shorefair Dr NW, Winston-Salem, NC 27105, United States"
North Dakota,Great Plains Food Bank,"1720 3rd Ave N, Fargo, ND 58102, United States",Emergency Food Pantry,"1101 4th Ave N, Fargo, ND 58102, United States",Great Plains Food Bank,"1315 S 20th St, Bismarck, ND 58504, United States"
Ohio,Mid-Ohio Foodbank's On-Site Pantry,"3960 Brookham Dr, Grove City, OH 43123, United States",Second Harvest Food Bank of North Central Ohio,"5510 Baumhart Rd, Lorain, OH 44053, United States",Greater Cleveland Food Bank,"13815 Coit Rd, Cleveland, OH 44110, United States"
Oklahoma,Regional Food Bank of Oklahoma,"3355 S Purdue Ave, Oklahoma City, OK 73179, United States",Regional Food Bank of Oklahoma Food & Resource Center,"2635 N Shields Blvd, Moore, OK 73160, United States",Food Bank of Eastern Oklahoma,"1304 N Kenosha Ave, Tulsa, OK 74106, United States"
Oregon,Oregon Food Bank,"7900 NE 33rd Dr, Portland, OR 97211, United States",Oregon Food Bank WC,"1870 NW 173rd Ave, Beaverton, OR 97006, United States",Hope Fpoc - Food Distribution Center,"1321 Linn Ave, Oregon City, OR 97045, United States"
Pennsylvania,Central Pennsylvania Food Bank - Harrisburg Branch,"3908 Corey Rd, Harrisburg, PA 17109, United States",Midwest Food Bank Pennsylvania,"2700 Commerce Dr, Middletown, PA 17057, United States",Second Harvest Food Bank of the Lehigh Valley and Northeast Pennsylvania,"6969 Silver Crest Rd, Nazareth, PA 18064, United States"
Rhode Island,Rhode Island Community Food Bank,"200 Niantic Ave, Providence, RI 02907, United States",Northern Rhode Island Food Pantry,"1 Angell Rd, Cumberland, RI 02864, United States",Blessed Mother Mary Food Pantry Inc,"181 Princess Ave, Cranston, RI 02920, United States"
South Carolina,Harvest Hope Food Bank,"2220 Shop Rd, Columbia, SC 29201, United States",Lowcountry Food Bank,"2864 Azalea Dr, North Charleston, SC 29405, United States",Lowcountry Food Bank: Myrtle Beach,"4716 Northgate Blvd, Myrtle Beach, SC 29577, United States"
South Dakota,Feeding South Dakota,"1111 N Creek Dr, Rapid City, SD 57703, United States",Feeding South Dakota дус Distribution Center,"4701 N Westport Ave, Sioux Falls, SD 57107, United States",Mobile Food Pantry of Sioux Falls,"1300 E 10th St, Sioux Falls, SD 57103, United States"
Tennessee,Second Harvest Food Bank of Middle Tennessee,"331 Great Circle Rd, Nashville, TN 37228, United States",Second Harvest Food Bank of East Tennessee,"136 Harvest Ln, Maryville, TN 37801, United States",Second Harvest Food Bank of Northeast Tennessee,"1020 Jericho Dr, Kingsport, TN 37663, United States"
Texas,North Texas Food Bank,"3677 Mapleshade Ln, Plano, TX 75075, United States",Tarrant Area Food Bank - Working to Eliminate Hunger,"2600 Cullen St, Fort Worth, TX 76107, United States",Central Texas Food Bank,"6500 Metropolis Dr, Austin, TX 78744, United States"
Utah,Utah Food Bank,"3150 S 900 W, South Salt Lake, UT 84119, United States",Hildegarde's Food Pantry,"231 E 100 S, Salt Lake City, UT 84111, United States",Bountiful Food Pantry,"480 E 150 N, Bountiful, UT 84010, United States"
Vermont,Vermont Foodbank,"33 Parker Rd, Barre, VT 05641, United States","Vermont Foodbank, Regional Distribution Center","22 Browne Ct #108, Brattleboro, VT 05301, United States",Deerfield Valley Food Pantry,"7 Church St, Wilmington, VT 05363, United States"
Virginia,Central Virginia Food Bank,"1415 Rhoadmiller St, Richmond, VA 23220, United States",Foodbank of Southeastern Virginia and the Eastern Shore,"800 Tidewater Dr, Norfolk, VA 23504, United States",Virginia Medical and food pantry - Food Distribution Center,"3534 Carlin Springs Rd, Falls Church, VA 22041, United States"
Washington,Tukwila Pantry - Emergency Food Bank,"3118 S 140th St, Tukwila, WA 98168, United States",Edgewood Nourish Food Bank,"3607 122nd Ave E B, Edgewood, WA 98372, United States",Arlington Community Food Bank,"19118 63rd Avenue NE, Arlington, WA 98223, United States"
West Virginia,Mountaineer Food Bank,"484 Enterprise Dr, Gassaway, WV 26624, United States",Loaves And Fishes Food Pantry,"Lower Level, 549 N Queen St, Martinsburg, WV 25404, United States",Mountaineer Food Bank - Weston,"393 U.S. Hwy, 33 East St, Weston, WV 26452, United States"
Wisconsin,Second Harvest Foodbank of Southern Wisconsin,"2802 Dairy Dr, Madison, WI 53718, United States",Food Pantry of Waukesha County,"1301 Sentry Dr, Waukesha, WI 53186, United States",Feeding America Eastern Wisconsin - Milwaukee,"1700 W Fond du Lac Ave, Milwaukee, WI 53205, United States"
Wyoming,Wyoming Food Bank,"5150 Reserve Drive, Evansville, WY 82636, United States",Lander Care & Share Food Bank,"281 Garfield St, Lander, WY 82520, United States",Helping Hands Food Pantry - Radius Church,"4301 Casper Mountain Rd, Casper, WY 82601, United States"